timestamp,frontend_ms,extraction_ms,matching_ms,estimation_ms
1403715273.312143,6.449718,5.405524,1.044194,0.098959
1403715273.412143,1.295895,0.000401,1.295494,0.104179
1403715273.512143,2.001022,0.000361,2.000661,0.131271
1403715273.612143,1.747186,0.000371,1.746815,0.085704
1403715273.712143,2.144585,0.000351,2.144234,0.133595
1403715273.812143,1.548116,0.000341,1.547775,0.095762
1403715273.912143,1.248383,0.000260,1.248123,0.089441
1403715274.012143,1.677614,0.000611,1.677003,0.069794
1403715274.112143,2.162400,0.000341,2.162059,0.207537
1403715274.212143,2.088628,0.000330,2.088298,0.084441
1403715274.312143,11.321992,7.690035,3.631957,0.451482
1403715274.412143,1.794307,0.000932,1.793375,0.204731
1403715274.512143,2.447805,0.000351,2.447454,0.368885
1403715274.612143,2.030657,0.000300,2.030357,0.509733
1403715274.712143,2.016872,0.000361,2.016511,0.139296
1403715274.812143,1.005430,0.000341,1.005089,0.523029
1403715274.912143,1.965643,0.000370,1.965273,0.325201
1403715275.012143,2.539600,0.000371,2.539229,0.408450
1403715275.112143,1.261370,0.000231,1.261139,0.729623
1403715275.212143,2.142001,0.000361,2.141640,0.195073
1403715275.312143,3.371990,0.000431,3.371559,0.416014
1403715275.412143,3.180864,0.000361,3.180503,0.280836
1403715275.512143,2.070243,0.000851,2.069392,0.381980
1403715275.612143,2.022462,0.000360,2.022102,0.499173
1403715275.712143,1.803875,0.000311,1.803564,0.246881
1403715275.812143,1.751475,0.000351,1.751124,0.508591
1403715275.912143,2.028676,0.000421,2.028255,0.149365
1403715276.012143,2.018324,0.000391,2.017933,0.525263
1403715276.112143,1.954833,0.000331,1.954502,0.380918
1403715276.212143,4.259695,0.000331,4.259364,0.172850
1403715276.312143,10.744319,9.156878,1.587441,0.549911
1403715276.412143,1.070003,0.000260,1.069743,0.331032
1403715276.512143,8.130616,7.073598,1.057018,0.435933
1403715276.612143,1.988357,0.000331,1.988026,0.424962
1403715276.712143,1.501728,0.000321,1.501407,0.220561
1403715276.812143,1.901231,0.000260,1.900971,0.413750
1403715276.912143,1.342593,0.000260,1.342333,0.332765
1403715277.012143,3.669396,0.000270,3.669126,0.342624
1403715277.112143,1.314080,0.000231,1.313849,0.675790
1403715277.212143,1.900340,0.000311,1.900029,0.305643
1403715277.312143,1.388411,0.000501,1.387910,0.626857
1403715277.412143,2.218066,0.000341,2.217725,0.239096
1403715277.512143,1.908997,0.000331,1.908666,0.541264
1403715277.612143,2.264454,0.000330,2.264124,0.411386
1403715277.712143,10.097755,7.842738,2.255017,0.235459
1403715277.812143,2.934584,0.000331,2.934253,0.730986
1403715277.912143,11.509299,9.351087,2.158212,0.171027
1403715278.012143,1.776924,0.000331,1.776593,0.820797
1403715278.112143,11.086513,8.695056,2.391457,0.398140
1403715278.212143,2.947830,0.000321,2.947509,0.340360
1403715278.312143,12.516472,9.410551,3.105921,0.412578
1403715278.412143,10.946395,7.502839,3.443556,0.176788
1403715278.512143,10.718039,7.152148,3.565891,0.370217
1403715278.612143,11.077636,8.239806,2.837830,0.587853
1403715278.712143,9.489503,8.279653,1.209850,0.101283
1403715278.812143,8.366740,7.247362,1.119378,113.322286
1403715278.912143,7.662573,6.551711,1.110862,30.357795
1403715279.012143,10.272518,7.682903,2.589615,29.431116
1403715279.112143,10.189050,7.913774,2.275276,29.721511
1403715279.212143,11.375775,9.140746,2.235029,25.581092
1403715279.312143,2.455770,0.000661,2.455109,15.950672
1403715279.412143,11.125567,8.283199,2.842368,21.898801
1403715279.512143,1.522478,0.000261,1.522217,20.477236
1403715279.612143,1.938592,0.000341,1.938251,20.043789
1403715279.712143,9.013183,7.734722,1.278461,22.017688
1403715279.812143,15.838568,13.140765,2.697803,30.615497
1403715279.912143,12.047219,9.411675,2.635544,23.068435
1403715280.012143,2.396738,0.000331,2.396407,17.034942
1403715280.112143,10.729120,8.403620,2.325500,21.124121
1403715280.212143,9.449277,7.241781,2.207496,27.395458
1403715280.312143,10.823589,8.635150,2.188439,25.761899
1403715280.412143,10.206081,6.639851,3.566230,24.340384
1403715280.512143,14.992842,12.862384,2.130458,26.585371
1403715280.612143,10.005649,7.662314,2.343335,26.589930
1403715280.712143,11.504440,9.070752,2.433688,25.798439
1403715280.812143,9.337471,7.825855,1.511616,33.454891
1403715280.912143,11.593780,9.261807,2.331973,18.315619
1403715281.012143,12.390602,9.778003,2.612599,21.647382
1403715281.112143,10.742386,9.408338,1.334048,20.763191
1403715281.212143,10.367109,8.146258,2.220851,23.286422
1403715281.312143,13.825963,12.602567,1.223396,19.833016
1403715281.412143,6.297847,5.221120,1.076727,25.349621
1403715281.512143,12.137730,9.949371,2.188359,17.917176
1403715281.612143,9.734351,7.351840,2.382511,21.524746
1403715281.712143,1.901552,0.000231,1.901321,18.548914
1403715281.812143,7.256197,5.166516,2.089681,21.858775
1403715281.912143,10.877412,8.249122,2.628290,14.593511
1403715282.012143,10.371307,8.258362,2.112945,23.337818
1403715282.112143,9.823892,8.561290,1.262602,21.845310
1403715282.212143,10.192524,8.789966,1.402558,22.790675
1403715282.312143,11.628237,9.339525,2.288712,22.054678
1403715282.412143,9.607058,6.909226,2.697832,25.932204
1403715282.512143,10.659466,7.910417,2.749049,24.835890
1403715282.612143,8.265996,7.188759,1.077237,18.888563
1403715282.712143,10.699394,9.207064,1.492330,22.934439
1403715282.812143,13.483000,11.106611,2.376389,22.286252
1403715282.912143,2.465899,0.000230,2.465669,19.661157
1403715283.012143,11.080240,8.570247,2.509993,22.170009
1403715283.112143,11.791619,9.347181,2.444438,23.229963
1403715283.212143,10.016459,7.751434,2.265025,25.120955
1403715283.312143,8.766161,5.426424,3.339737,21.963704
1403715283.412143,11.145024,9.861453,1.283571,23.385841
1403715283.512143,14.986512,12.628858,2.357654,20.696705
1403715283.612143,2.132813,0.000350,2.132463,18.733826
1403715283.712143,11.721876,9.293208,2.428668,22.057885
1403715283.812143,12.728850,8.890890,3.837960,13.518908
1403715283.912143,2.430492,0.000271,2.430221,17.984966
1403715284.012143,8.994577,7.916498,1.078079,14.564815
1403715284.112143,11.012661,8.661380,2.351281,16.320708
1403715284.212143,9.690627,8.377750,1.312877,22.071652
1403715284.312143,11.000639,7.643448,3.357191,32.899661
1403715284.412143,2.325040,0.000241,2.324799,19.001428
1403715284.512143,11.750410,9.731865,2.018545,17.573901
1403715284.612143,2.029125,0.000301,2.028824,21.234313
1403715284.712143,10.136999,7.344025,2.792974,17.697437
1403715284.812143,8.051895,6.473912,1.577983,20.339625
1403715284.912143,7.474886,6.414050,1.060836,18.809721
1403715285.012143,9.562182,7.275696,2.286486,24.242157
1403715285.112143,12.216662,8.604613,3.612049,22.136055
1403715285.212143,13.938619,12.116830,1.821789,18.305087
1403715285.312143,9.960763,7.181615,2.779148,22.281922
1403715285.412143,2.233385,0.000281,2.233104,20.672068
1403715285.512143,9.608159,6.797462,2.810697,24.500560
1403715285.612143,10.084448,7.952506,2.131942,17.941764
1403715285.712143,9.828879,8.746783,1.082096,22.643484
1403715285.812143,7.822711,6.350038,1.472673,19.069459
1403715285.912143,11.673624,9.980090,1.693534,22.489069
1403715286.012143,13.799603,11.776650,2.022953,27.397772
1403715286.112143,11.192455,9.183638,2.008817,29.659692
1403715286.212143,12.733937,10.398928,2.335009,24.481203
1403715286.312143,11.443484,7.194469,4.249015,17.565376
1403715286.412143,11.470896,8.813912,2.656984,23.356695
1403715286.512143,9.631194,7.516576,2.114618,22.265141
1403715286.612143,8.409480,6.900388,1.509092,26.885474
1403715286.712143,11.437803,8.639520,2.798283,25.118200
1403715286.812143,11.292456,9.034925,2.257531,29.376713
1403715286.912143,9.960161,7.199078,2.761083,15.424026
1403715287.012143,10.776430,8.533596,2.242834,16.490814
1403715287.112143,10.004116,7.308327,2.695789,20.882079
1403715287.212143,10.809784,9.141067,1.668717,20.596143
1403715287.312143,10.182707,7.526464,2.656243,19.707437
1403715287.412143,10.149173,8.431082,1.718091,19.359482
1403715287.512143,7.643296,6.477891,1.165405,16.653935
1403715287.612143,9.027270,6.432154,2.595116,22.077993
1403715287.712143,11.470265,9.122171,2.348094,20.995876
1403715287.812143,12.665498,10.597980,2.067518,20.248521
1403715287.912143,10.839071,9.525251,1.313820,20.641450
1403715288.012143,10.311682,8.004326,2.307356,18.596674
1403715288.112143,9.792692,8.616545,1.176147,17.119043
1403715288.212143,8.540340,7.143251,1.397089,21.867180
1403715288.312143,11.331601,10.005278,1.326323,19.663582
1403715288.412143,11.886861,9.115227,2.771634,20.734095
1403715288.512143,2.474427,0.000241,2.474186,14.285662
1403715288.612143,8.064079,6.795116,1.268963,22.607023
1403715288.712143,10.064901,5.955302,4.109599,19.137289
1403715288.812143,10.453703,8.187805,2.265898,21.369541
1403715288.912143,2.491218,0.000160,2.491058,14.141496
1403715289.012143,9.249094,7.768025,1.481069,24.870827
1403715289.112143,1.213939,0.000161,1.213778,30.280017
1403715289.212143,11.235296,8.816095,2.419201,22.013331
1403715289.312143,10.197485,8.205029,1.992456,20.450554
1403715289.412143,12.665930,10.434879,2.231051,22.019201
1403715289.512143,10.747355,8.234677,2.512678,19.279499
1403715289.612143,9.286354,5.814223,3.472131,23.638674
1403715289.712143,7.683022,5.525542,2.157480,29.247266
1403715289.812143,8.330407,7.061945,1.268462,32.572715
1403715289.912143,11.377408,9.617648,1.759760,17.750098
1403715290.012143,1.147451,0.000150,1.147301,31.218310
1403715290.112143,9.889527,6.907082,2.982445,16.127770
1403715290.212143,7.647163,6.585175,1.061988,20.652921
1403715290.312143,11.589793,8.776931,2.812862,17.103564
1403715290.412143,2.222045,0.000261,2.221784,25.243839
1403715290.512143,10.978706,9.092745,1.885961,22.242808
1403715290.612143,8.296104,7.269653,1.026451,24.783619
1403715290.712143,9.617437,6.656622,2.960815,21.891397
1403715290.812143,1.097816,0.000490,1.097326,26.432749
1403715290.912143,9.947829,6.858810,3.089019,29.257053
1403715291.012143,13.001940,10.440939,2.561001,19.011768
1403715291.112143,12.010968,8.894206,3.116762,24.685934
1403715291.212143,9.687370,7.013114,2.674256,24.808808
1403715291.312143,9.062358,7.976424,1.085934,29.029701
1403715291.412143,9.880479,7.919193,1.961286,19.431188
1403715291.512143,10.747264,9.317904,1.429360,24.537540
1403715291.612143,9.211853,6.944283,2.267570,23.034100
1403715291.712143,14.659365,12.354153,2.305212,28.132417
1403715291.812143,10.315209,7.981703,2.333506,28.993980
1403715291.912143,12.208956,8.172006,4.036950,27.901845
1403715292.012143,8.897021,6.484343,2.412678,21.629917
1403715292.112143,12.147969,8.016069,4.131900,25.194767
1403715292.212143,10.858488,9.349065,1.509423,22.302653
1403715292.312143,9.983757,8.153752,1.830005,26.853254
1403715292.412143,10.674155,8.422094,2.252061,16.226599
1403715292.512143,10.850130,8.303106,2.547024,16.118562
1403715292.612143,10.254112,7.538487,2.715625,19.802449
1403715292.712143,10.785388,7.753838,3.031550,23.519045
1403715292.812143,8.062336,6.298678,1.763658,19.735992
1403715292.912143,8.325018,7.019845,1.305173,17.671178
1403715293.012143,9.026598,7.649709,1.376889,19.190700
1403715293.112143,9.520623,8.498561,1.022062,18.187384
1403715293.212143,11.609031,9.375606,2.233425,21.266213
1403715293.312143,10.557492,9.271025,1.286467,15.333372
1403715293.412143,10.215940,7.806198,2.409742,19.844458
1403715293.512143,10.130477,6.977776,3.152701,20.969567
1403715293.612143,12.484923,6.905317,5.579606,22.783541
1403715293.712143,8.182776,5.851044,2.331732,19.480022
1403715293.812143,1.192658,0.000251,1.192407,21.267135
1403715293.912143,9.045884,7.084368,1.961516,17.006999
1403715294.012143,10.354586,8.599604,1.754982,18.790205
1403715294.112143,10.681078,7.870270,2.810808,19.214746
1403715294.212143,11.333014,8.850462,2.482552,17.138660
1403715294.312143,9.924934,6.847768,3.077166,16.913120
1403715294.412143,8.670348,7.550490,1.119858,21.896327
1403715294.512143,10.885759,7.753526,3.132233,22.460674
1403715294.612143,10.731435,8.258663,2.472772,23.551248
1403715294.712143,12.811646,11.009024,1.802622,25.401832
1403715294.812143,11.943569,9.907280,2.036289,29.077290
1403715294.912143,11.930474,9.220790,2.709684,33.005894
1403715295.012143,11.355506,8.780508,2.574998,22.283867
1403715295.112143,9.145636,7.941055,1.204581,21.975257
1403715295.212143,9.952237,7.406856,2.545381,21.447750
1403715295.312143,9.962986,5.918582,4.044404,24.016246
1403715295.412143,6.964108,5.670418,1.293690,20.736310
1403715295.512143,7.685748,6.386757,1.298991,20.738105
1403715295.612143,8.570979,7.471108,1.099871,26.464660
1403715295.712143,11.379241,8.674045,2.705196,20.845260
1403715295.812143,8.952658,6.722800,2.229858,23.275822
1403715295.912143,12.033040,8.502497,3.530543,19.475042
1403715296.012143,10.402056,7.990360,2.411696,22.561156
1403715296.112143,10.146558,7.621326,2.525232,21.624579
1403715296.212143,8.515302,6.988616,1.526686,19.391743
1403715296.312143,8.615294,6.296596,2.318698,25.555705
1403715296.412143,10.828089,8.411764,2.416325,22.935712
1403715296.512143,10.482318,8.217273,2.265045,22.014042
1403715296.612143,11.227020,8.479993,2.747027,15.941073
1403715296.712143,11.194398,8.509802,2.684596,13.548384
1403715296.812143,10.334166,8.026879,2.307287,22.161252
1403715296.912143,6.966614,5.470126,1.496488,14.859298
1403715297.012143,14.086863,11.017621,3.069242,23.262475
1403715297.112143,12.291234,10.853999,1.437235,15.773023
1403715297.212143,9.549157,7.672422,1.876735,22.007350
1403715297.312143,11.917309,9.651713,2.265596,23.152376
1403715297.412143,12.101421,9.794996,2.306425,25.069055
1403715297.512143,10.912220,7.200642,3.711578,18.412724
1403715297.612143,11.458653,6.863717,4.594936,23.176371
1403715297.712143,10.588653,7.812080,2.776573,21.395420
1403715297.812143,12.140635,9.750149,2.390486,24.789763
1403715297.912143,9.110529,6.483562,2.626967,19.068806
1403715298.012143,10.773374,8.277487,2.495887,24.029691
1403715298.112143,11.755802,8.915517,2.840285,24.337227
1403715298.212143,7.601116,6.445559,1.155557,21.286933
1403715298.312143,6.715013,5.491287,1.223726,24.876548
1403715298.412143,10.979438,7.100351,3.879087,33.763210
1403715298.512143,11.562823,7.464094,4.098729,29.643170
1403715298.612143,13.784846,12.460116,1.324730,32.692474
1403715298.712143,12.482186,9.745561,2.736625,38.283955
1403715298.812143,9.543697,8.125438,1.418259,28.435535
1403715298.912143,10.894616,7.778355,3.116261,20.495491
1403715299.012143,9.116610,7.627416,1.489194,20.478519
1403715299.112143,11.050764,8.156567,2.894197,22.103352
1403715299.212143,11.949282,7.582682,4.366600,19.503166
1403715299.312143,13.520802,12.025576,1.495226,18.169638
1403715299.412143,6.932461,5.226643,1.705818,18.644548
1403715299.512143,12.295512,10.413648,1.881864,22.002379
1403715299.612143,12.326380,10.180803,2.145577,25.493537
1403715299.712143,10.186785,8.799034,1.387751,29.828576
1403715299.812143,10.266687,7.637105,2.629582,28.622041
1403715299.912143,10.195209,8.836825,1.358384,28.390309
1403715300.012143,14.325689,11.979909,2.345780,31.759552
1403715300.112143,9.883475,7.202124,2.681351,23.682749
1403715300.212143,13.129976,10.716686,2.413290,23.145532
1403715300.312143,8.645451,5.267280,3.378171,16.413878
1403715300.412143,8.296734,7.159332,1.137402,23.109734
1403715300.512143,9.802781,7.303387,2.499394,24.045501
1403715300.612143,11.576649,10.354706,1.221943,15.086281
1403715300.712143,11.051164,8.776841,2.274323,20.860227
1403715300.812143,11.348313,7.093708,4.254605,13.986882
1403715300.912143,8.638567,6.894045,1.744522,18.653262
1403715301.012143,10.562912,8.187166,2.375746,22.509847
1403715301.112143,12.415470,10.921477,1.493993,17.332171
1403715301.212143,10.574134,9.072517,1.501617,22.377476
1403715301.312143,14.072544,12.734810,1.337734,20.318615
1403715301.412143,11.887724,9.060874,2.826850,17.013621
1403715301.512143,10.818971,8.231290,2.587681,23.434634
1403715301.612143,10.629980,8.069450,2.560530,23.581385
1403715301.712143,8.333324,7.241800,1.091524,31.288253
1403715301.812143,9.052267,7.571038,1.481229,31.624366
1403715301.912143,10.008675,8.330069,1.678606,15.221489
1403715302.012143,8.557463,7.388070,1.169393,21.134382
1403715302.112143,15.779425,13.228083,2.551342,17.789813
1403715302.212143,12.669065,7.715375,4.953690,16.311572
1403715302.312143,10.700657,8.134565,2.566092,21.794843
1403715302.412143,12.155955,6.709222,5.446733,16.522523
1403715302.512143,9.105820,6.330729,2.775091,18.136886
1403715302.612143,7.298610,6.258944,1.039666,24.100897
1403715302.712143,14.556990,13.382067,1.174923,21.939919
1403715302.812143,5.062347,0.000331,5.062016,12.973015
1403715302.912143,11.498790,8.096483,3.402307,23.676176
1403715303.012143,11.994287,8.348995,3.645292,24.566596
1403715303.112143,11.739319,8.611685,3.127634,19.656058
1403715303.212143,9.221291,7.905287,1.316004,30.656427
1403715303.312143,10.470677,7.445199,3.025478,29.467305
1403715303.412143,9.733790,7.843841,1.889949,33.318060
1403715303.512143,8.096602,6.825644,1.270958,34.480740
1403715303.612143,11.492357,9.068398,2.423959,33.775794
1403715303.712143,12.356368,9.032811,3.323557,29.150351
1403715303.812143,12.022380,9.637686,2.384694,23.974926
1403715303.912143,14.835203,13.428426,1.406777,25.038308
1403715304.012143,10.632065,8.493451,2.138614,20.924160
1403715304.112143,11.360656,8.560308,2.800348,25.610571
1403715304.212143,11.406374,6.779688,4.626686,23.002721
1403715304.312143,8.868227,7.638989,1.229238,26.679463
1403715304.412143,1.431013,0.000231,1.430782,28.957762
1403715304.512143,10.310470,8.982895,1.327575,21.124654
1403715304.612143,1.547294,0.000330,1.546964,26.705411
1403715304.712143,2.311624,0.000341,2.311283,19.743074
1403715304.812143,11.160123,8.974520,2.185603,28.699961
1403715304.912143,11.573955,8.314910,3.259045,22.370753
1403715305.012143,10.914034,9.628118,1.285916,24.767620
1403715305.112143,1.134647,0.000230,1.134417,22.647932
1403715305.212143,10.354185,8.954491,1.399694,28.558680
1403715305.312143,12.566148,10.247049,2.319099,17.724019
1403715305.412143,2.081155,0.000421,2.080734,33.073502
1403715305.512143,3.116391,0.000341,3.116050,21.286683
1403715305.612143,2.222914,0.000370,2.222544,24.580483
1403715305.712143,11.277848,7.566561,3.711287,26.867832
1403715305.812143,2.085172,0.000351,2.084821,23.472246
1403715305.912143,11.074921,8.665109,2.409812,23.664524
1403715306.012143,10.357481,9.253963,1.103518,19.798971
1403715306.112143,11.468632,10.454746,1.013886,25.985797
1403715306.212143,9.168980,6.900738,2.268242,22.725620
1403715306.312143,12.008693,10.689063,1.319630,27.356835
1403715306.412143,11.389069,8.123123,3.265946,19.323403
1403715306.512143,11.901520,9.626815,2.274705,25.675113
1403715306.612143,11.824142,9.270184,2.553958,21.417202
1403715306.712143,9.582910,6.061114,3.521796,21.040694
1403715306.812143,10.737818,9.421333,1.316485,23.982941
1403715306.912143,10.274091,9.140516,1.133575,22.615400
1403715307.012143,8.793735,7.242422,1.551313,20.758434
1403715307.112143,12.966274,10.576911,2.389363,16.458341
1403715307.212143,11.122982,8.043300,3.079682,16.574353
1403715307.312143,11.811736,7.865189,3.946547,20.649436
1403715307.412143,8.052038,6.880892,1.171146,25.328832
1403715307.512143,12.658014,8.343755,4.314259,22.923438
1403715307.612143,11.954381,10.502828,1.451553,22.844118
1403715307.712143,13.763255,12.478571,1.284684,26.314975
1403715307.812143,8.687371,7.311284,1.376087,34.759512
1403715307.912143,8.335549,6.790097,1.545452,28.481724
1403715308.012143,11.287898,8.950743,2.337155,26.173547
1403715308.112143,9.763927,7.002503,2.761424,24.536609
1403715308.212143,10.295333,7.765561,2.529772,20.530599
1403715308.312143,11.062958,8.529289,2.533669,22.658272
1403715308.412143,9.384643,8.105139,1.279504,19.862874
1403715308.512143,9.972986,7.596959,2.376027,15.197443
1403715308.612143,8.629469,7.246558,1.382911,10.262911
1403715308.712143,2.354958,0.000311,2.354647,20.923188
1403715308.812143,10.725042,8.710034,2.015008,12.237741
1403715308.912143,8.200421,6.838931,1.361490,13.595716
1403715309.012143,11.449547,8.972997,2.476550,14.906387
1403715309.112143,11.413319,8.676070,2.737249,21.568391
1403715309.212143,12.033271,10.922900,1.110371,21.181692
1403715309.312143,12.577691,10.570157,2.007534,23.344432
1403715309.412143,10.562172,8.053350,2.508822,23.086110
1403715309.512143,12.750251,10.172708,2.577543,18.273118
1403715309.612143,10.727727,7.186014,3.541713,22.748754
1403715309.712143,10.206291,7.858668,2.347623,17.563963
1403715309.812143,9.196654,7.364535,1.832119,23.417181
1403715309.912143,2.250449,0.000241,2.250208,16.309607
1403715310.012143,12.101201,9.572572,2.528629,17.263600
1403715310.112143,9.856744,8.355237,1.501507,19.623376
1403715310.212143,12.259833,9.805947,2.453886,19.224214
1403715310.312143,11.179170,8.755070,2.424100,16.394330
1403715310.412143,10.882894,8.391436,2.491458,23.719028
1403715310.512143,8.016498,6.518037,1.498461,20.856992
1403715310.612143,8.921998,7.904144,1.017854,18.362720
1403715310.712143,10.072857,7.663765,2.409092,19.860720
1403715310.812143,12.059611,9.969900,2.089711,29.724016
1403715310.912143,9.248984,6.852497,2.396487,27.002509
1403715311.012143,11.660579,8.728981,2.931598,22.432341
1403715311.112143,10.708411,8.321712,2.386699,19.841423
1403715311.212143,11.170954,7.235098,3.935856,22.211689
1403715311.312143,11.966663,9.287647,2.679016,27.072161
1403715311.412143,10.252300,9.131169,1.121131,31.110935
1403715311.512143,7.680189,6.590818,1.089371,27.104844
1403715311.612143,11.605634,9.905757,1.699877,28.854906
1403715311.712143,11.922809,7.960433,3.962376,31.958834
1403715311.812143,10.463823,7.515213,2.948610,28.739125
1403715311.912143,9.936267,6.811499,3.124768,30.445665
1403715312.012143,11.254825,5.557154,5.697671,24.814040
1403715312.112143,11.573071,9.166505,2.406566,24.289287
1403715312.212143,9.474914,7.006600,2.468314,19.408677
1403715312.312143,9.666200,8.232442,1.433758,19.148650
1403715312.412143,11.302735,10.256427,1.046308,24.213613
1403715312.512143,9.884958,7.887784,1.997174,27.699470
1403715312.612143,10.522494,7.925004,2.597490,20.413967
1403715312.712143,11.181034,8.737698,2.443336,17.671769
1403715312.812143,12.005889,9.004818,3.001071,22.442480
1403715312.912143,10.716916,8.149734,2.567182,22.082853
1403715313.012143,8.383571,7.151288,1.232283,26.203243
1403715313.112143,12.096863,6.963459,5.133404,16.899242
1403715313.212143,11.881822,9.309829,2.571993,22.234413
1403715313.312143,9.766563,7.588763,2.177800,12.752744
1403715313.412143,11.887492,8.026669,3.860823,19.820512
1403715313.512143,11.219327,8.838580,2.380747,21.513607
1403715313.612143,11.914444,9.622858,2.291586,12.999475
1403715313.712143,11.481046,9.115178,2.365868,10.920536
1403715313.812143,11.482971,6.951637,4.531334,13.463082
1403715313.912143,8.061546,6.963368,1.098178,15.692248
1403715314.012143,10.789996,8.962897,1.827099,23.692787
1403715314.112143,10.945884,8.760521,2.185363,20.191420
1403715314.212143,8.285523,6.676519,1.609004,15.088535
1403715314.312143,10.879857,8.381637,2.498220,17.772121
1403715314.412143,10.274802,7.612026,2.662776,17.052927
1403715314.512143,11.308738,8.628369,2.680369,24.475924
1403715314.612143,8.970524,5.910038,3.060486,20.804061
1403715314.712143,10.037480,8.958850,1.078630,24.335124
1403715314.812143,9.014104,6.597400,2.416704,19.715182
1403715314.912143,10.828881,8.917570,1.911311,21.862894
1403715315.012143,15.955491,12.866632,3.088859,27.387734
1403715315.112143,13.277377,11.125086,2.152291,25.514729
1403715315.212143,12.792781,10.293168,2.499613,20.230466
1403715315.312143,11.326541,8.626485,2.700056,23.838947
1403715315.412143,11.568073,6.467170,5.100903,18.810604
1403715315.512143,10.265725,8.868818,1.396907,19.662662
1403715315.612143,10.519740,8.907491,1.612249,12.481146
1403715315.712143,11.188307,8.841755,2.346552,21.287354
1403715315.812143,10.516284,7.383672,3.132612,26.407813
1403715315.912143,10.338495,7.911550,2.426945,30.155120
1403715316.012143,13.082967,10.531835,2.551132,29.987300
1403715316.112143,11.391155,8.680679,2.710476,27.980737
1403715316.212143,9.927561,7.343635,2.583926,18.816485
1403715316.312143,10.317845,9.221772,1.096073,18.484242
1403715316.412143,13.281876,11.708691,1.573185,24.842604
1403715316.512143,15.696377,13.303296,2.393081,20.226568
1403715316.612143,9.899637,7.564798,2.334839,28.305218
1403715316.712143,11.302726,8.692991,2.609735,20.250825
1403715316.812143,10.609091,8.085532,2.523559,19.849508
1403715316.912143,8.692048,7.516233,1.175815,18.857504
1403715317.012143,10.859289,7.467812,3.391477,19.259592
1403715317.112143,10.731194,9.675919,1.055275,21.317492
1403715317.212143,11.580176,10.313877,1.266299,25.192844
1403715317.312143,11.019516,8.133634,2.885882,16.743517
1403715317.412143,10.041467,6.626334,3.415133,20.870749
1403715317.512143,9.058650,6.678124,2.380526,21.180761
1403715317.612143,11.193457,8.262540,2.930917,17.674164
1403715317.712143,12.384311,10.239776,2.144535,19.244392
1403715317.812143,10.412537,8.400323,2.012214,21.554655
1403715317.912143,8.430060,6.174312,2.255748,18.150354
1403715318.012143,10.350738,7.923052,2.427686,15.333044
1403715318.112143,9.938090,7.583744,2.354346,18.144142
1403715318.212143,11.900247,9.126700,2.773547,21.280641
1403715318.312143,10.960392,8.654618,2.305774,18.412424
1403715318.412143,11.868566,9.840844,2.027722,21.220635
1403715318.512143,9.321132,7.916369,1.404763,24.789042
1403715318.612143,10.656572,7.446682,3.209890,22.285821
1403715318.712143,12.754389,10.546131,2.208258,23.965229
1403715318.812143,11.612777,10.202273,1.410504,16.862094
1403715318.912143,10.232372,7.127552,3.104820,22.801816
1403715319.012143,12.412285,10.125368,2.286917,21.510630
1403715319.112143,7.964079,6.457522,1.506557,24.859705
1403715319.212143,12.377418,10.039053,2.338365,19.229364
1403715319.312143,11.401765,8.964981,2.436784,20.399739
1403715319.412143,9.850994,7.413428,2.437566,23.741661
1403715319.512143,9.203035,8.057066,1.145969,24.249080
1403715319.612143,8.564186,7.539549,1.024637,21.614890
1403715319.712143,12.069160,10.759047,1.310113,24.505069
1403715319.812143,10.723158,8.154102,2.569056,28.338961
1403715319.912143,11.094066,6.713321,4.380745,15.860429
1403715320.012143,10.033893,8.642055,1.391838,18.671929
1403715320.112143,10.626185,9.430992,1.195193,25.614148
1403715320.212143,10.823659,9.732085,1.091574,20.693240
1403715320.312143,10.961615,8.418097,2.543518,15.581117
1403715320.412143,11.562483,10.477871,1.084612,18.089899
1403715320.512143,14.813421,13.239695,1.573726,19.856732
1403715320.612143,11.064963,8.799235,2.265728,20.082764
1403715320.712143,12.377158,10.356759,2.020399,25.409998
1403715320.812143,12.795125,10.046957,2.748168,21.843055
1403715320.912143,12.156036,10.068099,2.087937,25.656307
1403715321.012143,11.618248,8.959691,2.658557,15.225627
1403715321.112143,2.231551,0.000571,2.230980,16.630872
1403715321.212143,8.227281,7.078598,1.148683,21.307674
1403715321.312143,1.280114,0.000230,1.279884,20.476205
1403715321.412143,1.968428,0.000350,1.968078,17.973837
1403715321.512143,2.508811,0.000301,2.508510,12.915135
1403715321.612143,2.011992,0.000341,2.011651,15.435990
1403715321.712143,11.894515,9.189109,2.705406,26.195188
1403715321.812143,8.871453,7.760541,1.110912,38.615246
1403715321.912143,2.142261,0.000291,2.141970,34.556316
1403715322.012143,10.881732,8.793675,2.088057,30.274880
1403715322.112143,10.096522,7.779737,2.316785,31.409236
1403715322.212143,8.700246,7.354927,1.345319,27.189386
1403715322.312143,14.412534,7.308437,7.104097,35.799429
1403715322.412143,11.702029,9.556712,2.145317,25.989313
1403715322.512143,11.529950,9.239867,2.290083,33.480831
1403715322.612143,9.132492,7.717069,1.415423,31.791315
1403715322.712143,9.705957,7.030798,2.675159,31.444662
1403715322.812143,8.552543,7.445048,1.107495,36.553170
1403715322.912143,8.400494,7.206093,1.194401,38.039828
1403715323.012143,8.383312,7.248855,1.134457,35.464060
1403715323.112143,10.801107,7.640650,3.160457,24.285651
1403715323.212143,9.877413,7.430470,2.446943,33.484888
1403715323.312143,8.467490,7.093005,1.374485,29.457158
1403715323.412143,10.602449,8.899156,1.703293,29.046953
1403715323.512143,10.296274,8.496847,1.799427,33.526128
1403715323.612143,10.501485,8.036748,2.464737,25.681347
1403715323.712143,11.752345,9.078308,2.674037,24.084998
1403715323.812143,10.153502,7.465999,2.687503,22.952264
1403715323.912143,10.995949,8.518819,2.477130,28.257995
1403715324.012143,7.487840,5.985921,1.501919,33.284345
1403715324.112143,12.483010,8.384633,4.098377,29.121285
1403715324.212143,9.742055,8.165604,1.576451,27.267415
1403715324.312143,9.907862,8.553716,1.354146,19.714560
1403715324.412143,10.181474,8.072487,2.108987,25.920132
1403715324.512143,9.350657,7.925025,1.425632,22.212581
1403715324.612143,11.762955,9.384884,2.378071,15.997601
1403715324.712143,10.954621,8.614170,2.340451,24.617153
1403715324.812143,11.341760,8.471378,2.870382,16.692760
1403715324.912143,8.495255,7.238264,1.256991,19.860469
1403715325.012143,8.557282,7.416624,1.140658,23.767651
1403715325.112143,10.069180,8.525873,1.543307,28.213051
1403715325.212143,10.721396,8.903334,1.818062,23.919531
1403715325.312143,13.248332,10.972304,2.276028,14.940293
1403715325.412143,11.186886,8.357682,2.829204,15.238293
1403715325.512143,11.094509,8.891401,2.203108,20.313534
1403715325.612143,11.452522,8.165064,3.287458,28.737411
1403715325.712143,2.572413,0.000451,2.571962,29.915202
1403715325.812143,8.924254,7.720575,1.203679,21.195799
1403715325.912143,10.518208,9.408288,1.109920,32.950378
1403715326.012143,10.197985,8.004697,2.193288,28.844077
1403715326.112143,12.690998,10.227293,2.463705,29.112879
1403715326.212143,10.551110,8.188287,2.362823,31.136554
1403715326.312143,10.149563,8.907902,1.241661,39.664331
1403715326.412143,9.120899,6.747476,2.373423,33.459462
1403715326.512143,10.533707,8.188027,2.345680,32.094503
1403715326.612143,9.208185,8.025086,1.183099,23.802729
1403715326.712143,10.071054,7.961796,2.109258,27.660346
1403715326.812143,1.846456,0.000291,1.846165,20.526893
1403715326.912143,12.294470,10.127110,2.167360,27.592516
1403715327.012143,12.168398,9.954240,2.214158,31.736630
1403715327.112143,10.719292,8.239867,2.479425,28.144790
1403715327.212143,8.551971,7.230457,1.321514,37.198400
1403715327.312143,11.757155,9.113305,2.643850,28.638233
1403715327.412143,11.857044,9.916519,1.940525,27.678831
1403715327.512143,7.894717,6.819363,1.075354,18.875177
1403715327.612143,10.386577,8.130678,2.255899,16.506375
1403715327.712143,10.854680,8.471348,2.383332,19.769786
1403715327.812143,10.895488,8.328035,2.567453,26.900684
1403715327.912143,10.968698,8.455840,2.512858,25.359592
1403715328.012143,11.121389,7.570548,3.550841,20.596565
1403715328.112143,11.718499,9.196242,2.522257,22.414296
1403715328.212143,8.766833,7.632897,1.133936,19.393017
1403715328.312143,2.186576,0.000251,2.186325,22.507384
1403715328.412143,10.525021,9.163672,1.361349,34.010723
1403715328.512143,11.340488,9.969680,1.370808,38.464240
1403715328.612143,10.378289,7.351969,3.026320,29.872481
1403715328.712143,10.833519,8.403479,2.430040,34.172443
1403715328.812143,9.680759,7.184131,2.496628,23.113121
1403715328.912143,10.265405,7.196104,3.069301,26.724579
1403715329.012143,10.309569,8.630011,1.679558,26.838927
1403715329.112143,8.928210,7.885368,1.042842,28.385982
1403715329.212143,15.066704,13.043080,2.023624,23.151263
1403715329.312143,13.531522,11.881621,1.649901,23.527473
1403715329.412143,12.475175,10.250877,2.224298,22.109645
1403715329.512143,16.067967,14.051455,2.016512,30.925974
1403715329.612143,14.037449,12.069921,1.967528,21.901357
1403715329.712143,11.929142,9.514571,2.414571,22.013311
1403715329.812143,11.243522,9.025577,2.217945,17.861271
1403715329.912143,9.100721,6.829283,2.271438,16.887602
1403715330.012143,8.597990,7.339657,1.258333,20.055872
1403715330.112143,12.949982,10.554226,2.395756,19.428144
1403715330.212143,7.473763,6.356139,1.117624,26.969316
1403715330.312143,10.208036,7.562073,2.645963,18.601445
1403715330.412143,11.792812,9.610304,2.182508,21.191511
1403715330.512143,11.923041,9.736475,2.186566,21.532682
1403715330.612143,12.737748,7.004748,5.733000,15.416573
1403715330.712143,8.223596,7.171717,1.051879,17.102743
1403715330.812143,12.589534,11.279622,1.309912,16.867965
1403715330.912143,10.270173,7.771582,2.498591,19.892801
1403715331.012143,15.527795,13.913762,1.614033,21.303675
1403715331.112143,12.647505,9.922140,2.725365,22.630138
1403715331.212143,8.929984,7.510323,1.419661,17.300942
1403715331.312143,9.300071,6.228315,3.071756,21.197101
1403715331.412143,10.713510,8.150927,2.562583,26.302452
1403715331.512143,8.153640,6.863166,1.290474,32.838084
1403715331.612143,11.526814,8.923893,2.602921,24.999043
1403715331.712143,12.069872,10.317275,1.752597,31.285989
1403715331.812143,1.554818,0.000250,1.554568,32.602333
1403715331.912143,11.403619,9.908413,1.495206,26.854426
1403715332.012143,10.851984,6.700466,4.151518,23.427982
1403715332.112143,9.403949,7.674436,1.729513,20.475344
1403715332.212143,8.498730,7.295001,1.203729,17.708420
1403715332.312143,10.881571,8.393420,2.488151,14.839181
1403715332.412143,2.121922,0.000260,2.121662,16.516925
1403715332.512143,11.780668,9.297286,2.483382,17.484522
1403715332.612143,12.106911,9.192376,2.914535,17.044282
1403715332.712143,12.170915,9.724131,2.446784,14.436631
1403715332.812143,10.941936,8.579766,2.362170,16.476095
1403715332.912143,7.831436,6.637185,1.194251,13.482850
1403715333.012143,9.194450,8.114356,1.080094,19.515020
1403715333.112143,12.521173,11.427905,1.093268,22.917737
1403715333.212143,11.597771,8.542886,3.054885,19.032398
1403715333.312143,10.439106,8.955523,1.483583,16.783564
1403715333.412143,12.405653,10.945896,1.459757,19.329104
1403715333.512143,10.520281,7.317695,3.202586,30.342217
1403715333.612143,10.443707,6.489224,3.954483,26.173447
1403715333.712143,7.777293,6.531243,1.246050,29.667188
1403715333.812143,10.853106,9.766762,1.086344,24.996388
1403715333.912143,10.433538,9.267300,1.166238,20.949730
1403715334.012143,12.515923,9.891341,2.624582,25.788041
1403715334.112143,12.454844,10.260354,2.194490,15.303187
1403715334.212143,11.870320,9.535220,2.335100,25.251175
1403715334.312143,10.761332,7.858638,2.902694,29.267365
1403715334.412143,11.396285,7.884899,3.511386,28.756158
1403715334.512143,12.092143,9.421854,2.670289,27.074076
1403715334.612143,9.875211,7.993066,1.882145,29.351976
1403715334.712143,9.282618,8.022993,1.259625,25.342078
1403715334.812143,10.311173,7.723641,2.587532,28.495681
1403715334.912143,15.413306,13.808441,1.604865,38.130932
1403715335.012143,10.496137,7.814204,2.681933,30.880636
1403715335.112143,11.324387,8.780288,2.544099,31.676776
1403715335.212143,8.055033,6.751253,1.303780,24.780245
1403715335.312143,9.895237,7.170814,2.724423,27.768983
1403715335.412143,8.819313,7.562984,1.256329,26.893080
1403715335.512143,8.332683,7.052448,1.280235,31.248358
1403715335.612143,11.841394,9.196032,2.645362,19.866832
1403715335.712143,10.885049,8.434809,2.450240,28.877060
1403715335.812143,11.986380,7.307705,4.678675,21.729670
1403715335.912143,10.749920,8.268792,2.481128,32.101057
1403715336.012143,9.413589,6.658397,2.755192,22.749797
1403715336.112143,10.195250,7.561350,2.633900,25.440245
1403715336.212143,9.412386,6.371639,3.040747,19.641932
1403715336.312143,12.165384,10.661081,1.504303,22.642753
1403715336.412143,10.549326,8.750912,1.798414,17.366487
1403715336.512143,10.515212,7.429299,3.085913,20.461477
1403715336.612143,11.698823,9.070252,2.628571,18.246017
1403715336.712143,9.823120,7.028683,2.794437,20.667982
1403715336.812143,8.812149,6.176204,2.635945,20.879516
1403715336.912143,10.265344,8.689976,1.575368,22.570875
1403715337.012143,12.050804,9.109147,2.941657,31.220093
1403715337.112143,12.107883,8.122111,3.985772,20.246157
1403715337.212143,9.236699,7.770939,1.465760,21.800284
1403715337.312143,10.637547,8.107975,2.529572,30.078124
1403715337.412143,9.315351,5.872525,3.442826,30.133899
1403715337.512143,11.378671,8.727658,2.651013,24.519458
1403715337.612143,11.066357,7.043813,4.022544,30.982290
1403715337.712143,9.115278,7.941055,1.174223,19.737676
1403715337.812143,10.423077,7.060053,3.363024,23.572058
1403715337.912143,10.226900,9.009044,1.217856,29.990647
1403715338.012143,11.990198,10.208836,1.781362,27.715000
1403715338.112143,11.669677,9.190693,2.478984,17.625992
1403715338.212143,9.690647,8.488251,1.202396,17.166825
1403715338.312143,11.375193,8.633598,2.741595,24.315448
1403715338.412143,11.420211,7.359846,4.060365,22.684114
1403715338.512143,10.543295,7.690307,2.852988,15.735482
1403715338.612143,10.039234,7.449217,2.590017,33.336396
1403715338.712143,10.546783,9.451070,1.095713,21.058449
1403715338.812143,11.249353,9.663965,1.585388,25.827726
1403715338.912143,10.702960,9.097714,1.605246,20.238271
1403715339.012143,11.052248,8.842999,2.209249,15.577611
1403715339.112143,10.949410,8.261938,2.687472,21.457630
1403715339.212143,12.494641,9.811938,2.682703,15.400953
1403715339.312143,9.756192,7.140217,2.615975,15.384652
1403715339.412143,8.617706,7.457260,1.160446,24.636382
1403715339.512143,11.533326,9.077817,2.455509,25.609098
1403715339.612143,8.512647,7.107764,1.404883,12.534367
1403715339.712143,11.579935,8.800567,2.779368,15.564776
1403715339.812143,11.282518,8.518198,2.764320,21.680567
1403715339.912143,11.392877,9.163700,2.229177,23.663993
1403715340.012143,10.808150,6.203878,4.604272,16.574203
1403715340.112143,11.297097,8.250077,3.047020,18.301752
1403715340.212143,7.925236,6.445249,1.479987,24.172625
1403715340.312143,9.547253,7.715956,1.831297,21.750700
1403715340.412143,15.232141,13.579916,1.652225,21.550167
1403715340.512143,16.701537,14.451750,2.249787,16.176334
1403715340.612143,2.492201,0.000371,2.491830,26.077513
1403715340.712143,11.417225,8.335469,3.081756,27.792007
1403715340.812143,1.083540,0.000151,1.083389,28.594890
1403715340.912143,1.825237,0.000201,1.825036,31.676165
1403715341.012143,7.706176,5.705565,2.000611,31.211257
1403715341.112143,9.345449,8.116401,1.229048,30.326538
1403715341.212143,10.024927,8.943581,1.081346,34.540165
1403715341.312143,8.609132,7.324158,1.284974,42.177030
1403715341.412143,9.936958,7.220501,2.716457,31.796866
1403715341.512143,10.742827,7.763717,2.979110,28.174267
1403715341.612143,11.106171,8.242191,2.863980,23.367237
1403715341.712143,8.836595,6.924754,1.911841,22.557590
1403715341.812143,9.595765,7.198557,2.397208,27.683922
1403715341.912143,8.978679,7.685879,1.292800,21.377278
1403715342.012143,9.736545,8.256790,1.479755,22.906818
1403715342.112143,11.510662,9.258432,2.252230,24.422653
1403715342.212143,12.479365,10.430992,2.048373,16.162848
1403715342.312143,11.960903,8.944552,3.016351,25.200427
1403715342.412143,3.004016,0.000240,3.003776,15.429017
1403715342.512143,10.568664,8.310732,2.257932,22.191682
1403715342.612143,2.553215,0.000230,2.552985,22.679103
1403715342.712143,1.261830,0.000160,1.261670,28.125905
1403715342.812143,10.950444,9.590397,1.360047,26.265011
1403715342.912143,9.443324,6.878717,2.564607,24.823518
1403715343.012143,13.427485,11.120809,2.306676,31.176691
1403715343.112143,11.075742,7.928162,3.147580,26.190257
1403715343.212143,20.249242,20.249242,0.000000,27.337760
1403715343.312143,45.886014,19.755771,26.130243,26.636691
1403715343.412143,36.037915,16.235857,19.802058,28.995486
1403715343.512143,34.402112,16.831865,17.570247,57.085362
1403715343.612143,35.891226,15.125295,20.765931,52.690309
1403715343.712143,36.218661,17.377778,18.840883,44.033866
1403715343.812143,35.145361,15.309418,19.835943,53.049796
1403715343.912143,36.385719,17.744869,18.640850,51.795710
1403715344.012143,36.964484,17.901398,19.063086,47.086356
1403715344.112143,34.058335,15.112242,18.946093,44.555673
1403715344.212143,34.779010,16.007752,18.771258,49.861847
1403715344.312143,36.654742,17.362218,19.292524,60.523589
1403715344.412143,34.799520,16.225578,18.573942,61.567633
1403715344.512143,36.112629,17.374602,18.738027,60.350939
1403715344.612143,33.351096,16.382448,16.968648,60.510143
1403715344.712143,36.023767,16.246957,19.776810,61.700075
1403715344.812143,35.874683,17.443954,18.430729,56.446011
1403715344.912143,34.621853,16.003825,18.618028,60.395053
1403715345.012143,33.464500,16.947246,16.517254,59.867817
1403715345.112143,33.031804,16.523447,16.508357,57.397428
1403715345.212143,31.539004,15.729441,15.809563,58.122324
1403715345.312143,34.396701,15.775939,18.620762,59.927440
1403715345.412143,32.130605,16.545459,15.585146,55.616887
1403715345.512143,35.022938,15.568554,19.454384,52.440542
1403715345.612143,32.138820,17.190882,14.947938,54.924655
1403715345.712143,34.099915,16.961624,17.138291,57.113877
1403715345.812143,32.696373,17.229474,15.466899,56.847500
1403715345.912143,33.468019,16.958849,16.509170,52.783828
1403715346.012143,33.921884,17.389731,16.532153,56.232513
1403715346.112143,37.050579,18.865589,18.184990,50.961046
1403715346.212143,35.176380,15.256667,19.919713,51.321324
1403715346.312143,33.589950,15.778964,17.810986,54.134938
1403715346.412143,31.975859,15.001922,16.973937,54.833792
1403715346.512143,31.522674,15.811367,15.711307,53.255978
1403715346.612143,33.168096,17.574184,15.593912,51.065646
1403715346.712143,37.935259,16.986321,20.948938,55.186936
1403715346.812143,33.290990,16.406534,16.884456,35.892097
1403715346.912143,33.848475,16.472400,17.376075,56.928463
1403715347.012143,33.521830,16.281323,17.240507,50.162491
1403715347.112143,34.649084,16.442393,18.206691,50.288873
1403715347.212143,31.739477,15.191222,16.548255,34.984533
1403715347.312143,32.955459,15.764858,17.190601,44.858291
1403715347.412143,32.035973,16.347661,15.688312,48.646757
1403715347.512143,33.358038,17.207844,16.150194,57.966654
1403715347.612143,34.764855,18.277637,16.487218,56.559267
1403715347.712143,35.639506,17.056466,18.583040,56.520674
1403715347.812143,34.790894,16.877473,17.913421,50.271539
1403715347.912143,35.020653,16.961283,18.059370,54.869050
1403715348.012143,34.430366,16.588341,17.842025,54.288391
1403715348.112143,35.767979,16.010206,19.757773,51.580389
1403715348.212143,34.614207,16.768926,17.845281,56.321673
1403715348.312143,35.555023,17.383790,18.171233,57.778155
1403715348.412143,35.298274,17.768735,17.529539,59.118806
1403715348.512143,35.284557,16.965491,18.319066,56.154765
1403715348.612143,40.776867,16.365235,24.411632,58.181394
1403715348.712143,39.692727,15.602879,24.089848,58.896830
1403715348.812143,41.991085,18.652592,23.338493,59.950984
1403715348.912143,39.669049,16.380362,23.288687,48.113246
1403715349.012143,40.783879,17.304167,23.479712,56.755944
1403715349.112143,41.166239,16.508768,24.657471,55.964983
1403715349.212143,41.881657,16.566479,25.315178,42.962610
1403715349.312143,44.008518,19.177275,24.831243,53.227454
1403715349.412143,40.113340,16.339696,23.773644,48.591701
1403715349.512143,37.562076,14.574604,22.987472,50.010882
1403715349.612143,38.468277,15.295652,23.172625,55.160177
1403715349.712143,39.567746,16.526262,23.041484,56.440221
1403715349.812143,41.531386,17.518778,24.012608,66.833921
1403715349.912143,45.858842,20.501204,25.357638,67.764007
1403715350.012143,43.422299,17.720723,25.701576,59.797833
1403715350.112143,41.881024,16.496565,25.384459,61.159373
1403715350.212143,44.321516,16.503559,27.817957,66.068909
1403715350.312143,48.506940,16.194088,32.312852,64.942820
1403715350.412143,49.681021,17.149652,32.531369,72.650789
1403715350.512143,53.670190,17.576077,36.094113,74.083486
1403715350.612143,54.855063,15.511405,39.343658,73.039492
1403715350.712143,55.652106,17.062096,38.590010,79.670005
1403715350.812143,55.690649,17.357871,38.332778,63.991523
1403715350.912143,54.888326,17.488300,37.400026,59.637617
1403715351.012143,53.774940,17.613118,36.161822,74.105207
1403715351.112143,53.712621,16.657483,37.055138,65.031288
1403715351.212143,52.567414,19.726124,32.841290,75.480695
1403715351.312143,46.679891,16.299469,30.380422,68.392347
1403715351.412143,42.338911,16.130707,26.208204,80.440757
1403715351.512143,40.939888,15.650029,25.289859,80.639748
1403715351.612143,41.294626,16.451419,24.843207,74.061084
1403715351.712143,44.117777,18.719983,25.397794,91.955629
1403715351.812143,41.362855,16.600683,24.762172,86.225235
1403715351.912143,41.492133,16.791068,24.701065,75.017701
1403715352.012143,44.521978,19.026105,25.495873,73.512957
1403715352.112143,43.243998,16.242100,27.001898,75.813069
1403715352.212143,46.550824,19.417764,27.133060,71.183256
1403715352.312143,45.259447,17.886110,27.373337,74.441550
1403715352.412143,44.037134,17.681248,26.355886,70.601776
1403715352.512143,44.652047,16.916157,27.735890,73.169460
1403715352.612143,43.803797,16.613980,27.189817,72.045383
1403715352.712143,41.474127,15.979508,25.494619,77.271805
1403715352.812143,43.207197,17.473630,25.733567,63.267119
1403715352.912143,41.462415,15.614811,25.847604,73.361437
1403715353.012143,43.897445,16.806908,27.090537,59.675790
1403715353.112143,42.578559,16.262389,26.316170,71.678564
1403715353.212143,43.781775,17.120226,26.661549,61.634010
1403715353.312143,40.305666,15.806428,24.499238,76.704372
1403715353.412143,43.725318,17.272657,26.452661,65.009326
1403715353.512143,45.201467,17.449365,27.752102,66.480947
1403715353.612143,43.873100,15.227963,28.645137,61.342613
1403715353.712143,45.681484,16.605213,29.076271,57.236162
1403715353.812143,44.787696,16.489442,28.298254,62.685768
1403715353.912143,46.192399,18.015115,28.177284,47.331955
1403715354.012143,45.080978,17.760740,27.320238,73.173238
1403715354.112143,45.135941,16.274401,28.861540,62.370537
1403715354.212143,44.684780,17.019254,27.665526,70.346250
1403715354.312143,45.471594,16.951985,28.519609,76.738427
1403715354.412143,43.372854,15.748276,27.624578,67.305041
1403715354.512143,43.839375,16.536061,27.303314,74.184079
1403715354.612143,46.829977,18.364342,28.465635,64.755001
1403715354.712143,45.774602,17.445699,28.328903,58.522479
1403715354.812143,43.236895,16.063208,27.173687,44.481611
1403715354.912143,44.232906,16.673263,27.559643,58.689135
1403715355.012143,43.689940,16.399520,27.290420,71.637095
1403715355.112143,42.071128,15.181674,26.889454,81.973946
1403715355.212143,45.570453,18.089508,27.480945,63.198838
1403715355.312143,42.739814,17.010166,25.729648,81.101168
1403715355.412143,41.026823,15.928861,25.097962,79.238542
1403715355.512143,41.129239,16.097794,25.031445,84.698750
1403715355.612143,43.050939,18.369262,24.681677,86.811856
1403715355.712143,40.759675,15.684154,25.075521,92.972982
1403715355.812143,41.344972,16.055844,25.289128,84.730761
1403715355.912143,35.583489,17.353883,18.229606,76.356017
1403715356.012143,35.212159,14.980741,20.231418,49.969523
1403715356.112143,37.537177,18.376214,19.160963,75.653525
1403715356.212143,35.676555,17.178248,18.498307,55.894679
1403715356.312143,34.313713,15.317523,18.996190,81.093224
1403715356.412143,36.117668,16.750620,19.367048,58.527607
1403715356.512143,32.708108,14.663115,18.044993,60.851838
1403715356.612143,34.405369,15.962967,18.442402,48.059726
1403715356.712143,32.487114,14.923330,17.563784,64.775279
1403715356.812143,35.007109,16.424879,18.582230,66.383420
1403715356.912143,33.164699,15.017711,18.146988,62.374385
1403715357.012143,35.570253,17.620942,17.949311,58.586950
1403715357.112143,32.545266,17.383700,15.161566,52.773348
1403715357.212143,34.237618,17.012982,17.224636,45.875675
1403715357.312143,32.518826,16.743528,15.775298,49.376840
1403715357.412143,32.637330,16.560797,16.076533,51.457324
1403715357.512143,31.333330,15.905045,15.428285,43.470160
1403715357.612143,31.418885,15.974239,15.444646,42.990133
1403715357.712143,32.215705,15.367910,16.847795,46.977349
1403715357.812143,32.727284,18.141758,14.585526,32.612565
1403715357.912143,32.787549,16.746102,16.041447,38.865016
1403715358.012143,32.805612,16.964088,15.841524,35.011726
1403715358.112143,31.032166,14.917279,16.114887,29.747393
1403715358.212143,31.357398,16.209478,15.147920,33.907098
1403715358.312143,34.188954,17.079769,17.109185,31.857673
1403715358.412143,31.868214,15.759028,16.109186,46.154206
1403715358.512143,31.860558,16.171825,15.688733,47.394505
1403715358.612143,34.046102,16.640190,17.405912,44.603694
1403715358.712143,34.267635,18.493058,15.774577,35.537942
1403715358.812143,34.875266,18.088867,16.786399,45.885323
1403715358.912143,35.893108,17.316541,18.576567,41.158616
1403715359.012143,32.727953,14.992913,17.735040,50.729964
1403715359.112143,33.757070,15.833580,17.923490,47.761725
1403715359.212143,33.077683,15.710364,17.367319,33.050231
1403715359.312143,33.024882,16.477259,16.547623,55.048994
1403715359.412143,32.386350,16.092672,16.293678,42.607963
1403715359.512143,32.867572,17.227492,15.640080,54.144958
1403715359.612143,36.316689,17.749318,18.567371,39.726281
1403715359.712143,32.887490,16.314889,16.572601,47.883748
1403715359.812143,34.354431,16.307284,18.047147,42.211547
1403715359.912143,33.300017,15.502447,17.797570,44.815530
1403715360.012143,34.429505,16.107914,18.321591,46.505647
1403715360.112143,33.780794,16.697017,17.083777,41.625246
1403715360.212143,34.693951,17.046126,17.647825,42.291540
1403715360.312143,32.962822,16.183378,16.779444,37.599419
1403715360.412143,33.184677,16.795036,16.389641,36.889863
1403715360.512143,33.592938,15.997423,17.595515,39.621310
1403715360.612143,33.473578,16.392606,17.080972,39.255542
1403715360.712143,33.572297,15.894025,17.678272,34.757690
1403715360.812143,34.635577,16.922579,17.712998,40.115494
1403715360.912143,32.522573,16.256267,16.266306,30.871039
1403715361.012143,33.093132,16.822648,16.270484,33.147937
1403715361.112143,34.138588,16.767041,17.371547,35.935570
1403715361.212143,32.464462,15.606405,16.858057,28.676908
1403715361.312143,32.923759,16.779957,16.143802,32.009131
1403715361.412143,32.208212,16.727266,15.480946,26.628025
1403715361.512143,31.432040,15.600244,15.831796,31.907727
1403715361.612143,29.380732,15.452622,13.928110,30.201650
1403715361.712143,30.234703,16.647274,13.587429,29.270280
1403715361.812143,30.889353,16.517646,14.371707,25.193505
1403715361.912143,31.737413,17.085350,14.652063,37.491311
1403715362.012143,31.255243,15.586287,15.668956,28.983774
1403715362.112143,31.969696,16.755809,15.213887,46.552908
1403715362.212143,31.679232,16.393619,15.285613,35.063597
1403715362.312143,31.201119,15.763786,15.437333,32.422231
1403715362.412143,31.143991,16.047609,15.096382,34.457898
1403715362.512143,32.101970,15.400783,16.701187,37.465903
1403715362.612143,30.994172,16.119134,14.875038,36.688137
1403715362.712143,34.565424,17.656551,16.908873,41.562146
1403715362.812143,35.798008,18.118964,17.679044,39.904802
1403715362.912143,35.315747,17.481827,17.833920,37.461044
1403715363.012143,32.609569,15.958438,16.651131,37.069957
1403715363.112143,34.248338,16.614030,17.634308,43.078552
1403715363.212143,34.097620,15.929232,18.168388,36.119311
1403715363.312143,35.711383,16.680297,19.031086,48.144428
1403715363.412143,34.580383,17.226229,17.354154,51.086537
1403715363.512143,33.922527,16.422795,17.499732,52.807174
1403715363.612143,36.761248,17.787491,18.973757,45.084795
1403715363.712143,35.567338,17.263650,18.303688,50.092859
1403715363.812143,37.045471,16.587320,20.458151,52.058642
1403715363.912143,35.594680,15.658235,19.936445,47.467746
1403715364.012143,36.346986,15.457050,20.889936,52.764071
1403715364.112143,40.334171,16.476347,23.857824,52.900841
1403715364.212143,40.102439,17.496716,22.605723,48.554621
1403715364.312143,40.415486,16.266256,24.149230,57.948142
1403715364.412143,40.579951,16.358652,24.221299,56.411777
1403715364.512143,40.780203,17.116209,23.663994,58.245590
1403715364.612143,42.534545,17.023583,25.510962,61.770461
1403715364.712143,42.689469,16.821656,25.867813,59.234017
1403715364.812143,41.622992,15.312414,26.310578,57.683315
1403715364.912143,42.184946,15.648355,26.536591,61.187669
1403715365.012143,39.863753,15.343273,24.520480,66.515584
1403715365.112143,41.772839,16.777222,24.995617,63.425382
1403715365.212143,43.281440,17.511464,25.769976,66.467982
1403715365.312143,43.647188,16.348232,27.298956,67.936337
1403715365.412143,41.224661,15.992012,25.232649,68.713651
1403715365.512143,41.415497,16.585656,24.829841,67.465378
1403715365.612143,43.522790,16.433805,27.088985,72.293639
1403715365.712143,44.187831,16.888995,27.298836,75.444146
1403715365.812143,41.932484,16.399971,25.532513,76.296725
1403715365.912143,41.555404,15.457161,26.098243,74.987794
1403715366.012143,44.311147,17.232862,27.078285,73.763487
1403715366.112143,45.374436,17.518797,27.855639,73.003575
1403715366.212143,45.283053,16.992593,28.290460,75.438656
1403715366.312143,43.456525,16.143591,27.312934,88.159620
1403715366.412143,44.020721,17.280222,26.740499,71.450919
1403715366.512143,43.117598,15.307405,27.810193,75.365656
1403715366.612143,45.020020,16.370495,28.649525,75.398359
1403715366.712143,44.956751,16.201823,28.754928,66.249636
1403715366.812143,45.807283,17.850060,27.957223,78.934471
1403715366.912143,43.227669,15.502828,27.724841,65.003396
1403715367.012143,43.746549,16.230538,27.516011,74.319879
1403715367.112143,47.227907,18.953427,28.274480,63.355348
1403715367.212143,44.598195,16.337422,28.260773,57.799909
1403715367.312143,44.415687,16.720183,27.695504,56.472624
1403715367.412143,44.674211,17.540560,27.133651,83.227842
1403715367.512143,43.680773,16.480625,27.200148,65.776031
1403715367.612143,44.857531,17.350957,27.506574,48.876757
1403715367.712143,44.295256,16.403097,27.892159,83.801447
1403715367.812143,47.285869,18.936697,28.349172,63.210211
1403715367.912143,46.045007,17.275012,28.769995,82.584754
1403715368.012143,47.083232,18.567762,28.515470,82.719410
1403715368.112143,49.197659,16.160884,33.036775,80.322073
1403715368.212143,53.393143,16.699513,36.693630,81.400581
1403715368.312143,52.993599,17.699693,35.293906,77.001279
1403715368.412143,48.954805,16.136909,32.817896,66.818272
1403715368.512143,50.385368,18.449576,31.935792,72.757144
1403715368.612143,46.949415,18.270974,28.678441,78.154963
1403715368.712143,49.065507,15.872604,33.192903,84.587488
1403715368.812143,44.317269,15.635763,28.681506,91.008101
1403715368.912143,45.752239,17.260364,28.491875,92.197221
1403715369.012143,46.840907,17.766170,29.074737,93.442389
1403715369.112143,49.158815,16.505743,32.653072,67.818893
1403715369.212143,45.123698,16.918220,28.205478,93.331709
1403715369.312143,48.987399,17.657714,31.329685,88.594231
1403715369.412143,50.089854,18.039502,32.050352,88.851743
1403715369.512143,43.296280,15.771100,27.525180,85.350536
1403715369.612143,42.531377,15.118644,27.412733,84.918529
1403715369.712143,43.749404,17.082585,26.666819,94.447479
1403715369.812143,45.758381,17.768946,27.989435,84.422604
1403715369.912143,46.342087,18.002312,28.339775,94.739457
1403715370.012143,43.442158,16.304729,27.137429,66.332303
1403715370.112143,42.773059,16.792721,25.980338,83.737144
1403715370.212143,43.901324,16.866813,27.034511,61.818704
1403715370.312143,42.801703,16.248802,26.552901,86.807809
1403715370.412143,43.355953,16.449296,26.906657,90.566327
1403715370.512143,45.524585,18.954710,26.569875,63.866545
1403715370.612143,46.209152,18.423766,27.785386,90.983744
1403715370.712143,45.851318,18.743958,27.107360,67.140508
1403715370.812143,44.705240,17.855701,26.849539,86.735722
1403715370.912143,44.291480,16.684695,27.606785,85.178416
1403715371.012143,43.424304,16.996150,26.428154,85.734299
1403715371.112143,42.133428,17.010387,25.123041,82.071263
1403715371.212143,42.659533,16.160845,26.498688,74.945434
1403715371.312143,42.834607,16.620122,26.214485,85.664876
1403715371.412143,42.930800,17.513688,25.417112,62.399632
1403715371.512143,41.350865,17.272750,24.078115,87.179990
1403715371.612143,40.018089,15.610604,24.407485,84.269350
1403715371.712143,44.970107,19.340227,25.629880,83.692680
1403715371.812143,43.808767,17.719892,26.088875,89.619989
1403715371.912143,42.885865,16.339435,26.546430,62.735896
1403715372.012143,45.415727,18.952487,26.463240,87.555146
1403715372.112143,43.165248,17.520361,25.644887,80.598830
1403715372.212143,43.571656,16.848719,26.722937,75.690547
1403715372.312143,42.388816,17.479844,24.908972,60.525033
1403715372.412143,42.127116,16.677802,25.449314,88.225667
1403715372.512143,43.163606,18.679645,24.483961,78.144835
1403715372.612143,45.795893,19.435649,26.360244,66.901742
1403715372.712143,43.633182,17.517495,26.115687,79.899385
1403715372.812143,39.654933,18.961773,20.693160,65.353555
1403715372.912143,36.359180,15.896721,20.462459,70.685359
1403715373.012143,37.618334,17.836594,19.781740,60.609945
1403715373.112143,36.677269,17.061385,19.615884,70.938901
1403715373.212143,35.457208,16.763977,18.693231,73.057729
1403715373.312143,35.433391,18.342020,17.091371,51.786344
1403715373.412143,33.725701,15.820625,17.905076,61.011002
1403715373.512143,32.649946,16.215819,16.434127,69.213617
1403715373.612143,35.918387,17.983615,17.934772,56.367913
1403715373.712143,33.942736,15.795388,18.147348,49.523453
1403715373.812143,35.374038,15.492889,19.881149,51.423492
1403715373.912143,34.409635,15.541511,18.868124,52.439772
1403715374.012143,35.514977,17.553765,17.961212,43.592504
1403715374.112143,35.781987,18.577339,17.204648,51.980323
1403715374.212143,34.698539,16.755892,17.942647,52.921953
1403715374.312143,34.392895,16.336900,18.055995,61.756476
1403715374.412143,36.934490,16.273530,20.660960,58.576081
1403715374.512143,34.483298,15.094518,19.388780,44.964566
1403715374.612143,40.227739,20.870078,19.357661,50.678407
1403715374.712143,37.626751,19.307655,18.319096,60.459748
1403715374.812143,37.979304,19.134624,18.844680,51.098950
1403715374.912143,39.384228,18.876411,20.507817,44.613965
1403715375.012143,44.650534,26.295259,18.355275,55.209771
1403715375.112143,34.172223,16.905917,17.266306,47.501090
1403715375.212143,32.922868,16.078458,16.844410,57.242363
1403715375.312143,32.243148,16.023632,16.219516,55.220934
1403715375.412143,30.752993,16.019615,14.733378,36.613406
1403715375.512143,37.719729,17.048170,20.671559,32.321200
1403715375.612143,31.682468,16.666290,15.016178,32.559304
1403715375.712143,34.102340,16.568363,17.533977,38.368098
1403715375.812143,33.975138,18.076524,15.898614,39.174849
1403715375.912143,31.425748,15.995649,15.430099,44.831131
1403715376.012143,30.582758,14.985570,15.597188,51.315775
1403715376.112143,30.793993,16.494553,14.299440,34.894293
1403715376.212143,30.204355,16.118393,14.085962,45.257195
1403715376.312143,29.720341,15.985269,13.735072,35.910153
1403715376.412143,31.164819,16.907911,14.256908,39.021835
1403715376.512143,29.899524,15.962125,13.937399,28.348220
1403715376.612143,29.131778,16.048622,13.083156,31.447570
1403715376.712143,30.710733,16.504141,14.206592,31.985276
1403715376.812143,30.213312,17.004876,13.208436,26.113563
1403715376.912143,30.602666,17.232020,13.370646,20.405000
1403715377.012143,31.400520,16.556801,14.843719,23.215238
1403715377.112143,32.674433,17.986622,14.687811,28.859428
1403715377.212143,30.782320,15.618369,15.163951,24.346127
1403715377.312143,30.359703,15.353333,15.006370,21.614129
1403715377.412143,33.575884,17.026798,16.549086,23.603068
1403715377.512143,30.326208,15.714402,14.611806,28.065200
1403715377.612143,30.513224,16.698130,13.815094,23.878796
1403715377.712143,30.479141,16.691608,13.787533,26.959820
1403715377.812143,29.931675,16.588902,13.342773,27.129644
1403715377.912143,30.214094,15.936576,14.277518,21.705363
1403715378.012143,30.252698,15.647124,14.605574,25.606204
1403715378.112143,40.363437,18.387617,21.975820,34.498947
1403715378.212143,31.954489,17.911578,14.042911,25.882111
1403715378.312143,31.095659,15.562222,15.533437,31.939992
1403715378.412143,32.241767,17.210389,15.031378,24.931928
1403715378.512143,30.384650,15.924513,14.460137,24.260413
1403715378.612143,33.218362,16.484242,16.734120,23.828549
1403715378.712143,34.847915,17.145295,17.702620,26.022580
1403715378.812143,36.704860,18.018301,18.686559,28.494851
1403715378.912143,33.550347,16.493340,17.057007,27.028821
1403715379.012143,34.709219,16.594643,18.114576,33.569593
1403715379.112143,35.908129,16.945623,18.962506,39.710069
1403715379.212143,36.030341,17.004235,19.026106,33.814581
1403715379.312143,36.217881,17.398468,18.819413,32.760256
1403715379.412143,34.193444,16.438836,17.754608,33.173295
1403715379.512143,36.299927,17.742856,18.557071,36.634296
1403715379.612143,37.230024,17.719391,19.510633,31.288506
1403715379.712143,38.973114,17.892072,21.081042,41.631681
1403715379.812143,35.758394,16.782412,18.975982,42.253577
1403715379.912143,33.240525,15.145585,18.094940,53.948694
1403715380.012143,35.185649,15.366868,19.818781,56.443679
1403715380.112143,32.864426,15.438034,17.426392,46.857872
1403715380.212143,34.152675,17.005247,17.147428,50.188292
1403715380.312143,33.315248,16.639288,16.675960,49.312750
1403715380.412143,34.943547,17.662273,17.281274,38.333170
1403715380.512143,34.302372,16.966954,17.335418,41.136455
1403715380.612143,34.272855,17.502256,16.770599,44.149988
1403715380.712143,37.726572,15.827328,21.899244,49.799039
1403715380.812143,34.425899,15.722458,18.703441,50.592273
1403715380.912143,31.783031,15.827819,15.955212,44.062172
1403715381.012143,38.130234,17.845302,20.284932,40.026463
1403715381.112143,35.596063,17.805066,17.790997,43.487775
1403715381.212143,33.709599,16.803141,16.906458,44.895754
1403715381.312143,33.542231,16.120379,17.421852,40.595031
1403715381.412143,33.879756,17.049692,16.830064,45.998500
1403715381.512143,33.119252,16.065883,17.053369,39.414465
1403715381.612143,33.140013,16.896150,16.243863,39.736009
1403715381.712143,34.271254,17.103886,17.167368,51.371422
1403715381.812143,33.580183,17.207544,16.372639,36.046724
1403715381.912143,35.975026,18.310179,17.664847,37.520107
1403715382.012143,37.282885,17.174981,20.107904,32.638785
1403715382.112143,37.183444,16.711286,20.472158,33.703568
1403715382.212143,36.288234,16.957516,19.330718,32.129102
1403715382.312143,35.859608,15.759609,20.099999,31.402504
1403715382.412143,37.139581,16.870671,20.268910,31.577628
1403715382.512143,34.042658,15.573665,18.468993,47.061490
1403715382.612143,40.218061,17.485566,22.732495,36.980948
1403715382.712143,42.222628,17.446079,24.776549,36.351487
1403715382.812143,42.862782,18.134644,24.728138,41.937634
1403715382.912143,42.777658,16.125447,26.652211,37.550175
1403715383.012143,41.417601,17.049412,24.368189,37.537380
1403715383.112143,42.050070,16.349896,25.700174,38.934239
1403715383.212143,41.542729,17.075461,24.467268,43.209482
1403715383.312143,40.804891,15.428216,25.376675,50.864233
1403715383.412143,41.134822,17.018373,24.116449,54.411878
1403715383.512143,39.925412,16.746634,23.178778,56.985794
1403715383.612143,42.075379,18.169661,23.905718,50.194775
1403715383.712143,42.669423,18.436911,24.232512,58.167241
1403715383.812143,40.697645,17.554846,23.142799,45.114241
1403715383.912143,41.072951,17.020325,24.052626,53.069685
1403715384.012143,41.354622,16.408909,24.945713,45.669292
1403715384.112143,41.384498,16.683023,24.701475,61.084021
1403715384.212143,43.307681,18.259874,25.047807,63.772426
1403715384.312143,44.393624,16.572291,27.821333,65.639351
1403715384.412143,43.750427,16.566710,27.183717,68.847449
1403715384.512143,47.458479,15.354736,32.103743,61.343957
1403715384.612143,48.992849,17.671871,31.320978,64.434110
1403715384.712143,49.663841,17.754228,31.909613,69.970845
1403715384.812143,50.687304,17.138311,33.548993,74.187065
1403715384.912143,55.103910,17.327092,37.776818,78.827981
1403715385.012143,54.399814,17.835963,36.563851,77.727880
1403715385.112143,51.141593,17.242600,33.898993,83.431042
1403715385.212143,47.391491,17.621075,29.770416,80.517828
1403715385.312143,47.748151,16.622216,31.125935,83.619572
1403715385.412143,49.820000,18.517426,31.302574,87.529679
1403715385.512143,51.416568,17.527484,33.889084,69.485326
1403715385.612143,48.040250,18.948799,29.091451,87.876030
1403715385.712143,48.290207,16.124035,32.166172,68.125840
1403715385.812143,45.319424,16.965633,28.353791,86.037870
1403715385.912143,44.779440,17.299749,27.479691,70.518479
1403715386.012143,46.337327,18.015266,28.322061,81.982524
1403715386.112143,45.353569,17.222483,28.131086,88.409780
1403715386.212143,45.475894,19.030447,26.445447,91.693111
1403715386.312143,41.898809,15.033662,26.865147,70.018927
1403715386.412143,43.247767,16.366668,26.881099,91.249113
1403715386.512143,44.105716,18.439938,25.665778,65.470339
1403715386.612143,44.567096,17.221430,27.345666,85.289630
1403715386.712143,44.125134,17.997463,26.127671,69.194962
1403715386.812143,42.886897,16.305250,26.581647,59.722020
1403715386.912143,44.292903,17.015978,27.276925,81.383050
1403715387.012143,45.186249,16.593081,28.593168,77.316192
1403715387.112143,43.974514,16.187496,27.787018,75.011091
1403715387.212143,45.712624,17.645489,28.067135,76.879477
1403715387.312143,43.053425,15.889306,27.164119,86.762333
1403715387.412143,43.575883,16.477340,27.098543,76.118175
1403715387.512143,44.513133,16.637645,27.875488,81.906711
1403715387.612143,47.366301,18.157447,29.208854,78.492759
1403715387.712143,44.381713,16.044263,28.337450,83.694815
1403715387.812143,44.777328,17.548625,27.228703,84.465656
1403715387.912143,44.281581,16.517175,27.764406,65.607892
1403715388.012143,44.339671,16.461118,27.878553,88.610654
1403715388.112143,46.627472,18.601366,28.026106,64.002095
1403715388.212143,45.401321,18.136959,27.264362,76.953770
1403715388.312143,44.592936,17.776691,26.816245,96.022881
1403715388.412143,47.766486,19.262387,28.504099,97.665276
1403715388.512143,43.425808,16.290333,27.135475,96.446849
1403715388.612143,44.631049,17.805666,26.825383,95.071783
1403715388.712143,44.999422,17.215940,27.783482,89.696447
1403715388.812143,44.468009,17.468754,26.999255,88.245215
1403715388.912143,45.780755,18.042829,27.737926,89.417865
1403715389.012143,44.839407,17.540670,27.298737,82.395523
1403715389.112143,44.094924,16.380844,27.714080,96.707518
1403715389.212143,43.571305,16.061827,27.509478,95.261185
1403715389.312143,44.315617,16.707499,27.608118,98.183006
1403715389.412143,47.244721,18.626865,28.617856,93.703129
1403715389.512143,47.074795,18.183397,28.891398,84.080964
1403715389.612143,50.556845,17.381505,33.175340,64.466362
1403715389.712143,45.718205,17.123112,28.595093,87.424649
1403715389.812143,44.920632,16.217253,28.703379,66.479917
1403715389.912143,46.065708,17.467159,28.598549,58.938925
1403715390.012143,45.313892,17.816496,27.497396,86.613298
1403715390.112143,43.151483,16.073418,27.078065,90.304408
1403715390.212143,42.650727,15.525511,27.125216,89.475867
1403715390.312143,41.016206,15.993376,25.022830,86.943499
1403715390.412143,42.679803,16.038161,26.641642,88.895760
1403715390.512143,44.772711,17.636223,27.136488,83.314949
1403715390.612143,45.086859,17.286374,27.800485,83.108596
1403715390.712143,43.729858,16.455959,27.273899,83.882515
1403715390.812143,45.426097,17.493069,27.933028,75.213177
1403715390.912143,43.256223,16.324608,26.931615,79.706057
1403715391.012143,43.962091,16.976923,26.985168,77.776772
1403715391.112143,42.704561,16.832498,25.872063,61.343619
1403715391.212143,39.749034,15.558845,24.190189,80.374353
1403715391.312143,39.470573,15.259263,24.211310,80.664197
1403715391.412143,42.007277,16.302194,25.705083,83.344367
1403715391.512143,43.915643,17.807991,26.107652,62.103228
1403715391.612143,46.120853,18.576067,27.544786,74.486569
1403715391.712143,44.616622,16.558225,28.058397,66.050177
1403715391.812143,43.229241,17.121339,26.107902,76.475407
1403715391.912143,45.878191,18.926497,26.951694,83.601686
1403715392.012143,43.497893,17.310980,26.186913,79.417385
1403715392.112143,41.990066,17.357361,24.632705,76.016411
1403715392.212143,42.571236,17.225618,25.345618,58.671955
1403715392.312143,37.619828,17.737887,19.881941,72.272821
1403715392.412143,35.926094,16.449797,19.476297,77.076114
1403715392.512143,32.706526,16.358152,16.348374,69.777857
1403715392.612143,35.770776,17.133232,18.637544,63.046630
1403715392.712143,33.490832,17.267488,16.223344,66.967670
1403715392.812143,36.562159,16.995128,19.567031,65.508791
1403715392.912143,33.471358,15.971154,17.500204,66.063682
1403715393.012143,33.354251,16.200531,17.153720,62.341894
1403715393.112143,34.490222,15.889267,18.600955,50.817335
1403715393.212143,37.107370,16.951425,20.155945,61.270087
1403715393.312143,35.439565,16.443385,18.996180,41.209755
1403715393.412143,36.060458,17.622415,18.438043,42.594038
1403715393.512143,34.888351,16.072276,18.816075,44.861509
1403715393.612143,36.773482,16.565287,20.208195,49.018698
1403715393.712143,35.356818,16.228655,19.128163,55.690942
1403715393.812143,40.239313,17.743137,22.496176,56.330644
1403715393.912143,43.518886,18.343193,25.175693,62.206706
1403715394.012143,42.347587,16.948610,25.398977,54.881046
1403715394.112143,44.980516,18.971062,26.009454,55.759352
1403715394.212143,42.865617,17.624711,25.240906,70.249957
1403715394.312143,44.855578,16.313837,28.541741,65.779960
1403715394.412143,43.944138,16.891151,27.052987,65.768549
1403715394.512143,46.485891,16.116590,30.369301,65.876716
1403715394.612143,52.292361,18.893865,33.398496,64.564218
1403715394.712143,49.587796,15.323526,34.264270,70.167210
1403715394.812143,46.336257,16.803463,29.532794,70.887505
1403715394.912143,45.897508,16.413327,29.484181,71.126502
1403715395.012143,51.597004,18.097845,33.499159,73.961898
1403715395.112143,55.337637,18.271516,37.066121,77.394472
1403715395.212143,56.684158,17.440829,39.243329,85.635881
1403715395.312143,54.917785,16.682551,38.235234,80.799175
1403715395.412143,57.820539,18.897161,38.923378,83.895158
1403715395.512143,56.622912,18.203507,38.419405,85.098206
1403715395.612143,56.067891,16.644478,39.423413,93.492398
1403715395.712143,56.481483,16.888014,39.593469,92.566219
1403715395.812143,55.483606,17.952387,37.531219,94.912289
1403715395.912143,54.230011,18.434136,35.795875,101.431049
1403715396.012143,55.979894,18.530130,37.449764,109.022768
1403715396.112143,54.045679,16.637485,37.408194,104.322231
1403715396.212143,54.855236,17.323717,37.531519,103.777210
1403715396.312143,54.910753,16.963067,37.947686,77.649520
1403715396.412143,55.743894,18.729051,37.014843,60.460460
1403715396.512143,54.527651,17.557633,36.970018,111.557229
1403715396.612143,52.489256,16.295101,36.194155,73.524522
1403715396.712143,46.137006,17.790327,28.346679,117.881257
1403715396.812143,50.463557,16.791228,33.672329,128.352085
1403715396.912143,46.234072,17.211703,29.022369,129.665082
1403715397.012143,48.530526,19.475906,29.054620,122.927546
1403715397.112143,45.632641,16.840352,28.792289,128.065879
1403715397.212143,45.838585,16.371227,29.467358,111.928909
1403715397.312143,45.140512,16.728379,28.412133,118.190277
1403715397.412143,46.008640,17.769176,28.239464,98.878353
1403715397.512143,43.902688,16.478571,27.424117,66.617750
1403715397.612143,44.094856,17.107253,26.987603,119.696614
1403715397.712143,46.162375,19.026238,27.136137,60.240200
1403715397.812143,45.423002,17.284942,28.138060,119.127687
1403715397.912143,45.325957,16.778455,28.547502,113.205076
1403715398.012143,46.327729,17.328064,28.999665,109.085449
1403715398.112143,46.401921,17.656621,28.745300,111.265793
1403715398.212143,45.271523,16.811458,28.460065,112.853745
1403715398.312143,44.710791,16.437723,28.273068,103.271605
1403715398.412143,46.234752,17.382288,28.852464,64.145108
1403715398.512143,44.968684,16.161236,28.807448,88.931798
1403715398.612143,46.556686,17.704402,28.852284,62.894881
1403715398.712143,45.230314,16.515142,28.715172,88.902643
1403715398.812143,43.882300,17.226871,26.655429,91.440038
1403715398.912143,43.880885,16.168158,27.712727,89.294661
1403715399.012143,44.764513,16.357710,28.406803,61.013398
1403715399.112143,44.934308,17.455878,27.478430,58.647599
1403715399.212143,47.093221,17.242941,29.850280,44.831371
1403715399.312143,46.625580,17.642696,28.982884,53.314484
1403715399.412143,45.409697,17.390724,28.018973,78.098958
1403715399.512143,45.368378,16.405483,28.962895,82.644059
1403715399.612143,52.439292,17.245677,35.193615,67.762618
1403715399.712143,51.045792,17.670248,33.375544,85.575729
1403715399.812143,43.965699,16.111952,27.853747,81.570639
1403715399.912143,44.684333,16.186004,28.498329,74.254065
1403715400.012143,43.705120,16.242881,27.462239,36.486714
1403715400.112143,44.044500,15.544809,28.499691,78.362682
1403715400.212143,43.050420,15.804283,27.246137,69.029066
1403715400.312143,46.815611,17.645570,29.170041,79.296244
1403715400.412143,48.189064,19.130897,29.058167,79.627619
1403715400.512143,43.294136,16.399881,26.894255,91.160083
1403715400.612143,44.905502,15.925665,28.979837,85.587731
1403715400.712143,46.652189,18.017491,28.634698,82.907152
1403715400.812143,43.006548,16.311504,26.695044,85.727328
1403715400.912143,45.195789,17.263962,27.931827,89.411774
1403715401.012143,44.099814,18.575486,25.524328,91.515152
1403715401.112143,45.234262,18.270024,26.964238,83.062368
1403715401.212143,42.207240,16.761653,25.445587,87.986602
1403715401.312143,42.692847,17.836013,24.856834,64.276258
1403715401.412143,42.050771,16.621615,25.429156,86.894387
1403715401.512143,40.677908,15.660629,25.017279,83.731837
1403715401.612143,42.326328,17.302084,25.024244,77.165486
1403715401.712143,39.108641,16.382819,22.725822,77.524972
1403715401.812143,37.421269,17.552062,19.869207,76.660009
1403715401.912143,35.010194,15.792581,19.217613,74.669078
1403715402.012143,35.140582,16.659617,18.480965,73.643490
1403715402.112143,36.876491,16.927350,19.949141,49.853383
1403715402.212143,37.886941,17.432385,20.454556,55.757159
1403715402.312143,34.490363,15.640251,18.850112,62.840828
1403715402.412143,37.302122,17.549408,19.752714,45.117589
1403715402.512143,37.362957,16.948049,20.414908,61.880834
1403715402.612143,35.682961,17.036939,18.646022,49.367375
1403715402.712143,36.354594,18.330901,18.023693,61.355652
1403715402.812143,34.905005,15.819865,19.085140,60.644743
1403715402.912143,34.889074,17.323115,17.565959,54.588567
1403715403.012143,33.140384,16.028823,17.111561,50.651077
1403715403.112143,35.739226,16.917510,18.821716,46.644185
1403715403.212143,31.491864,15.948960,15.542904,48.928006
1403715403.312143,33.462790,17.659598,15.803192,51.600931
1403715403.412143,33.293877,17.818952,15.474925,47.754856
1403715403.512143,34.057707,14.985361,19.072346,49.697776
1403715403.612143,36.969568,17.495094,19.474474,52.791285
1403715403.712143,34.207411,15.005468,19.201943,42.937044
1403715403.812143,32.774837,18.198337,14.576500,46.569783
1403715403.912143,31.729198,14.894175,16.835023,44.168796
1403715404.012143,33.278047,18.608991,14.669056,35.428223
1403715404.112143,32.372888,15.972225,16.400663,34.916085
1403715404.212143,33.848406,17.121419,16.726987,33.442530
1403715404.312143,34.694671,17.590475,17.104196,38.282554
1403715404.412143,33.154061,16.151959,17.002102,47.174016
1403715404.512143,34.365564,16.514951,17.850613,44.119802
1403715404.612143,34.209045,16.311212,17.897833,40.395952
1403715404.712143,35.646440,17.181414,18.465026,45.028859
1403715404.812143,33.055612,16.977946,16.077666,45.788461
1403715404.912143,34.059540,15.899466,18.160074,41.999684
1403715405.012143,39.030983,18.830683,20.200300,37.948417
1403715405.112143,37.570996,18.896189,18.674807,34.640038
1403715405.212143,34.049479,16.605854,17.443625,43.333552
1403715405.312143,34.949089,16.517547,18.431542,37.671278
1403715405.412143,34.274860,16.944441,17.330419,35.402163
1403715405.512143,33.992881,17.097393,16.895488,38.483930
1403715405.612143,34.094487,17.607999,16.486488,34.851613
1403715405.712143,32.044962,15.856865,16.188097,33.244734
1403715405.812143,33.780114,17.253782,16.526332,37.966662
1403715405.912143,32.834018,16.987133,15.846885,45.733715
1403715406.012143,34.649836,18.268190,16.381646,40.591313
1403715406.112143,33.366524,15.966213,17.400311,43.885204
1403715406.212143,32.484028,15.635651,16.848377,40.291823
1403715406.312143,31.500331,15.504621,15.995710,53.062622
1403715406.412143,31.462920,16.147509,15.315411,34.986680
1403715406.512143,31.909874,16.121449,15.788425,35.743175
1403715406.612143,30.323203,16.493771,13.829432,33.931515
1403715406.712143,30.234774,16.344807,13.889967,35.251946
1403715406.812143,33.531962,18.596997,14.934965,38.414336
1403715406.912143,32.191912,17.305050,14.886862,31.240997
1403715407.012143,32.161655,16.319277,15.842378,30.367348
1403715407.112143,31.131195,16.544227,14.586968,28.887101
1403715407.212143,30.881378,17.562412,13.318966,27.900767
1403715407.312143,31.249484,16.338616,14.910868,31.558272
1403715407.412143,30.058037,16.508719,13.549318,25.576598
1403715407.512143,30.454574,16.671170,13.783404,33.901317
1403715407.612143,29.705584,16.126620,13.578964,35.256235
1403715407.712143,30.284511,17.256418,13.028093,45.653553
1403715407.812143,41.279128,17.552714,23.726414,35.566718
1403715407.912143,33.364942,15.979308,17.385634,30.277065
1403715408.012143,31.266978,15.175083,16.091895,29.327381
1403715408.112143,29.865130,15.906000,13.959130,35.165361
1403715408.212143,30.964046,16.330147,14.633899,25.425620
1403715408.312143,31.536822,15.933802,15.603020,25.917830
1403715408.412143,36.233510,16.124074,20.109436,34.630902
1403715408.512143,34.859918,17.765741,17.094177,27.887111
1403715408.612143,32.255564,15.032020,17.223544,26.399620
1403715408.712143,33.718239,15.934063,17.784176,29.621103
1403715408.812143,31.931766,15.267149,16.664617,33.031926
1403715408.912143,38.972002,16.251689,22.720313,35.292103
1403715409.012143,36.043349,18.012792,18.030557,33.737263
1403715409.112143,36.960269,18.214918,18.745351,41.548853
1403715409.212143,37.201780,18.324146,18.877634,45.437871
1403715409.312143,36.089628,17.733249,18.356379,34.957785
1403715409.412143,36.730822,18.555229,18.175593,40.417973
1403715409.512143,35.395600,16.757694,18.637906,46.380961
1403715409.612143,35.954979,16.926437,19.028542,44.620770
1403715409.712143,40.239182,16.933441,23.305741,44.933817
1403715409.812143,42.240114,17.510503,24.729611,34.671899
1403715409.912143,44.041072,17.743187,26.297885,42.654786
1403715410.012143,43.363828,18.399701,24.964127,44.170019
1403715410.112143,44.851742,19.074320,25.777422,42.835651
1403715410.212143,42.886217,15.313707,27.572510,43.411010
1403715410.312143,45.296379,16.938950,28.357429,55.306448
1403715410.412143,44.669394,17.449466,27.219928,50.256494
1403715410.512143,47.205506,18.296123,28.909383,49.213492
1403715410.612143,46.983123,17.944823,29.038300,49.140864
1403715410.712143,45.767301,18.280444,27.486857,53.628443
1403715410.812143,49.154349,18.915456,30.238893,60.840388
1403715410.912143,45.193955,16.159713,29.034242,66.437027
1403715411.012143,45.959086,17.190771,28.768315,63.614906
1403715411.112143,46.137879,16.964200,29.173679,48.853114
1403715411.212143,48.073574,16.535951,31.537623,70.894540
1403715411.312143,47.131143,19.329356,27.801787,62.354498
1403715411.412143,45.282184,17.352281,27.929903,79.176237
1403715411.512143,47.199964,18.303766,28.896198,85.552515
1403715411.612143,46.352587,17.126399,29.226188,80.128986
1403715411.712143,46.423824,18.178970,28.244854,57.769713
1403715411.812143,45.770747,17.013114,28.757633,80.280967
1403715411.912143,45.142777,16.679966,28.462811,65.789119
1403715412.012143,45.907257,17.514410,28.392847,38.879836
1403715412.112143,46.254401,17.287147,28.967254,44.958916
1403715412.212143,45.762210,16.574926,29.187284,80.960906
1403715412.312143,44.595774,16.723360,27.872414,64.515077
1403715412.412143,44.649285,16.638317,28.010968,44.791576
1403715412.512143,45.117038,16.730704,28.386334,72.261882
1403715412.612143,46.586825,18.918091,27.668734,51.307972
1403715412.712143,46.153697,17.381436,28.772261,80.268934
1403715412.812143,44.614828,15.791389,28.823439,58.350702
1403715412.912143,43.867943,16.922561,26.945382,45.254049
1403715413.012143,44.554914,16.207093,28.347821,83.965414
1403715413.112143,47.809270,20.008434,27.800836,60.223460
1403715413.212143,41.836173,16.291867,25.544306,43.611292
1403715413.312143,41.805421,16.723499,25.081922,35.160741
1403715413.412143,35.994004,17.692951,18.301053,41.392936
1403715413.512143,35.905166,16.397378,19.507788,36.186803
1403715413.612143,35.468892,16.117543,19.351349,74.582665
1403715413.712143,32.487688,16.311564,16.176124,66.570752
1403715413.812143,33.555237,16.557834,16.997403,57.636199
1403715413.912143,29.440136,15.754298,13.685838,56.839036
1403715414.012143,30.717285,16.270203,14.447082,65.805801
1403715414.112143,28.159282,16.448946,11.710336,47.417943
1403715414.212143,30.303588,17.248123,13.055465,44.458972
1403715414.312143,31.979466,16.867054,15.112412,33.821684
1403715414.412143,27.926116,15.935605,11.990511,36.180740
1403715414.512143,26.952927,15.781791,11.171136,26.566048
1403715414.612143,28.906929,16.879638,12.027291,29.427002
1403715414.712143,39.899824,16.812761,23.087063,31.197223
1403715414.812143,26.018613,14.478593,11.540020,24.165223
1403715414.912143,28.019936,15.371759,12.648177,23.222402
1403715415.012143,28.318706,16.615915,11.702791,25.195120
1403715415.112143,28.292837,15.998286,12.294551,23.457382
1403715415.212143,25.938721,16.981293,8.957428,21.423296
1403715415.312143,27.415371,16.074320,11.341051,22.948828
1403715415.412143,28.105539,16.679216,11.426323,19.194620
1403715415.512143,26.959629,15.897943,11.061686,20.276396
1403715415.612143,24.174600,15.351047,8.823553,18.786169
1403715415.712143,25.165983,15.289550,9.876433,18.478301
1403715415.812143,26.544037,15.833561,10.710476,13.661212
1403715415.912143,25.756912,16.184680,9.572232,15.525081
1403715416.012143,33.882600,17.707929,16.174671,16.687922
1403715416.112143,27.118813,16.743017,10.375796,11.261738
1403715416.212143,22.469704,15.240648,7.229056,11.395314
1403715416.312143,25.204226,15.819984,9.384242,9.558205
1403715416.412143,23.216681,15.495454,7.721227,13.119427
1403715416.512143,23.505744,15.636283,7.869461,10.248253
1403715416.612143,22.714082,15.305612,7.408470,9.984960
1403715416.712143,25.410230,16.249946,9.160284,7.332575
1403715416.812143,24.607597,16.390624,8.216973,7.347023
1403715416.912143,25.073087,16.668485,8.404602,8.126801
1403715417.012143,23.162308,15.771352,7.390956,8.227203
1403715417.112143,24.776902,15.781211,8.995691,7.121021
1403715417.212143,23.140745,14.488781,8.651964,7.755161
1403715417.312143,26.518057,16.188599,10.329458,8.130137
1403715417.412143,25.122871,16.421693,8.701178,7.162008
1403715417.512143,24.803591,15.700045,9.103546,13.895410
1403715417.612143,23.430891,15.507228,7.923663,7.935406
1403715417.712143,24.262218,15.280124,8.982094,9.401247
1403715417.812143,24.461590,17.055926,7.405664,8.977245
1403715417.912143,24.529047,16.360115,8.168932,9.200461
1403715418.012143,22.846023,14.684064,8.161959,7.470427
1403715418.112143,24.516312,14.973717,9.542595,9.293980
1403715418.212143,24.007803,16.181234,7.826569,8.874239
1403715418.312143,26.500031,17.256498,9.243533,9.199500
1403715418.412143,24.079148,16.504141,7.575007,9.260025
1403715418.512143,24.418587,15.552615,8.865972,12.076866
1403715418.612143,24.327393,16.357151,7.970242,9.409341
1403715418.712143,25.038390,16.683283,8.355107,12.642474
1403715418.812143,22.013944,14.207885,7.806059,8.385766
